aircraft_code,model_name,avg_revenue
319,Airbus A319-100,51201.69338
321,Airbus A321-200,15291.5093
733,Boeing 737-300,16568.1645
763,Boeing 767-300,35033.55747
773,Boeing 777-300,23765.76093
CN1,Cessna 208 Caravan,6568.552345
CR2,Bombardier CRJ-200,13207.6611
SU9,Sukhoi Superjet-100,13985.5419
